{"is_source_file": true, "format": "JavaScript", "description": "This is a source file that initializes the React application by mounting the root component '<App />' into the DOM element with id 'root'. It imports React, React DOM, a CSS stylesheet, and the main App component.", "external_files": ["./App", "./index.css"], "external_methods": ["ReactDOM.createRoot", "root.render"], "published": [], "classes": [], "methods": [], "calls": ["ReactDOM.createRoot", "root.render"], "search-terms": ["ReactDOM", "createRoot", "render", "App", "index.js", "React"], "state": 2, "file_id": 8, "knowledge_revision": 25, "git_revision": "4efaad736a74eb44e47af314b9b310c1d0c0cf8b", "ctags": [{"_type": "tag", "name": "root", "path": "/home/kavia/workspace/code-generation/simple-notes-216742-216773/frontend_web/src/index.js", "pattern": "/^const root = ReactDOM.createRoot(document.getElementById('root'));$/", "language": "JavaScript", "kind": "constant"}], "hash": "9fc5841375336fc175b49f8767a11383", "format-version": 4, "code-base-name": "frontend_web", "filename": "frontend_web/src/index.js", "revision_history": [{"25": "4efaad736a74eb44e47af314b9b310c1d0c0cf8b"}]}