{"is_source_file": true, "format": "JavaScript module (.mjs)", "description": "ESLint configuration file in JavaScript format, defining linting rules and plugin configurations for a web project, particularly focusing on React and JavaScript files.", "external_files": ["@eslint/js", "eslint-plugin-react"], "external_methods": [], "published": [], "classes": [], "methods": [{"name": "default", "description": "Exports an ESLint configuration array setting rules, plugin configurations, and language options for linting JavaScript and JSX files."}], "calls": ["pluginJs", "pluginReact"], "search-terms": ["eslint.config.mjs", "ESLint", "eslint-plugin-react", "eslint", "linting configuration", "JavaScript", "React", "jsx"], "state": 2, "file_id": 12, "knowledge_revision": 21, "git_revision": "4efaad736a74eb44e47af314b9b310c1d0c0cf8b", "hash": "be6538e7523bc2e9da0743133d784136", "format-version": 4, "code-base-name": "frontend_web", "filename": "frontend_web/eslint.config.mjs", "revision_history": [{"21": "4efaad736a74eb44e47af314b9b310c1d0c0cf8b"}]}