{"is_source_file": true, "format": "JavaScript", "description": "This file sets up custom jest matchers for testing DOM nodes in a JavaScript project using the testing library. It imports the '@testing-library/jest-dom' module to enhance jest's assertion capabilities for DOM elements.", "external_files": ["@testing-library/jest-dom"], "external_methods": [], "published": [], "classes": [], "methods": [], "calls": ["import '@testing-library/jest-dom'"], "search-terms": ["setupTests.js", "jest-dom", "testing-library", "jest matchers", "DOM assertions"], "state": 2, "file_id": 11, "knowledge_revision": 23, "git_revision": "4efaad736a74eb44e47af314b9b310c1d0c0cf8b", "ctags": [], "hash": "1a77571e1a8cf36018a41bcedf60db75", "format-version": 4, "code-base-name": "frontend_web", "filename": "frontend_web/src/setupTests.js", "revision_history": [{"23": "4efaad736a74eb44e47af314b9b310c1d0c0cf8b"}]}