{"is_source_file": false, "format": "", "description": "", "external_files": [], "external_methods": [], "published": [], "classes": [], "methods": [], "calls": [], "search-terms": [], "state": 2, "file_id": 2, "knowledge_revision": 15, "git_revision": "4efaad736a74eb44e47af314b9b310c1d0c0cf8b", "hash": "ebece526bc2eadd78ddd787a76c56607", "format-version": 4, "code-base-name": "frontend_web", "filename": "frontend_web/README.md", "revision_history": [{"15": "4efaad736a74eb44e47af314b9b310c1d0c0cf8b"}]}