{"is_source_file": false, "format": "", "description": "", "external_files": [], "external_methods": [], "published": [], "classes": [], "methods": [], "calls": [], "search-terms": [], "state": 2, "file_id": 9, "knowledge_revision": 20, "git_revision": "4efaad736a74eb44e47af314b9b310c1d0c0cf8b", "hash": "22f9e17cc1848b56dbb244518ac2707e", "format-version": 4, "code-base-name": "frontend_web", "filename": "frontend_web/src/App.css", "revision_history": [{"20": "4efaad736a74eb44e47af314b9b310c1d0c0cf8b"}]}